,R&D Spend,Administration,Marketing Spend,Profit
R&D Spend,1.0,0.24195524508168925,0.7242481330538794,0.9729004656594831
Administration,0.24195524508168925,1.0,-0.03215387512538653,0.20071656826872125
Marketing Spend,0.7242481330538794,-0.03215387512538653,1.0,0.7477657217414768
Profit,0.9729004656594831,0.20071656826872125,0.7477657217414768,1.0
