,count,mean,std,min,25%,50%,75%,max
R&D Spend,50.0,73721.6156,45902.25648230753,0.0,39936.37,73051.08,101602.8,165349.2
Administration,50.0,121344.63960000001,28017.802755488683,51283.14,103730.875,122699.795,144842.18,182645.56
Marketing Spend,50.0,211025.09780000002,122290.31072584528,0.0,129300.1325,212716.24,299469.08499999996,471784.1
Profit,50.0,112012.63920000002,40306.18033765055,14681.4,90138.9025,107978.19,139765.97749999998,192261.83
